Alicia Marcola Chaves mapped to aliciachaves
Alvaro Candido de Oliveira Neto mapped to alvaroneto
Amanda Xavier Mariano mapped to amandamariano
Ana Luisa Araujo Bastos mapped to anabastos
Andr+® Luiz Alves Costa mapped to andrcosta
Anne Isabelle Rodrigues de Carvalho mapped to annecarvalho
Arthur Linhares Madureira mapped to arthurmadureira
Arthur Pereira Carvalho mapped to arthurcarvalho
Arthur Yochio Rodrigues Codama mapped to arthurcodama
Bernardo Nogueira Borges mapped to bernardoborges
Bernnardo Seraphim Baptista de Oliveira mapped to bernnardooliveira
Caio Alexandre Campos Maciel mapped to caiomaciel
Cesar de Paula Morais mapped to cesarmorais
Christian Rodrigues de Oliveira mapped to christianoliveira
Daniel Augusto Costa de Sa mapped to danielsa
Daniel Felipe Ferreira da Silva mapped to danielsilva
Daniel Henrique Toledo Santos mapped to danielsantos
Daniel Neiva da Silva mapped to danielsilva
Etelvina Costa Santos Sa Oliveira mapped to etelvinaoliveira
Fernanda Carolina da Silva Pereira mapped to fernandapereira
Francisco Teixeira Rocha Aragao mapped to franciscoaragao
Gabriel Pains de Oliveira Cardoso mapped to gabrielcardoso
Gabriel Tonioni Duarte mapped to gabrielduarte
Henrique Lisboa de Sousa mapped to henriquesousa
Indra Matsiendra Cardoso Dias Ribeiro mapped to indraribeiro
Isabela Marina Ferreira Pires mapped to isabelapires
Joao Pedro Macedo Oliveira mapped to joaooliveira
Joao Pedro Reis Teclo de Miranda mapped to joaomiranda
Joao Vitor Santana Depollo mapped to joaodepollo
Jonatas Henrique dos Santos mapped to jonatassantos
Jo+úo V+¡tor de Morais Rocha mapped to joorocha
Juan Marcos Braga Faria mapped to juanfaria
Kael Soares Augusto mapped to kaelaugusto
Lecio Charlles Barbosa Alves mapped to lecioalves
Leonardo de Oliveira Maia mapped to leonardomaia
Lucas Almeida Santos de Souza mapped to lucassouza
Lucas de Oliveira Araujo mapped to lucasaraujo
Lucas Santana do Carmo Sacramento mapped to lucassacramento
Luis Henrique Soares Monteiro mapped to luismonteiro
Luiz Philippe Pereira Amaral mapped to luizamaral
Marcos Paulo Ferreira de Souza mapped to marcossouza
Mateus Costa de Oliveira mapped to mateusoliveira
Matheus Schimieguel Silva mapped to matheussilva
Matheus Teixeira Marques mapped to matheusmarques
Ot+ívio Augusto Silva mapped to otviosilva
Pablo Correa Costa mapped to pablocosta
Pedro Geovanni Barbosa Ribeiro mapped to pedroribeiro
Pedro Henrique Freitas Guedes Oliveira mapped to pedrooliveira
Pedro Henrique Meireles de Almeida mapped to pedroalmeida
Philipe Dutra Cunha mapped to philipecunha
Raul Araju Korogi Oliveira mapped to rauloliveira
Rodrigo Sales Nascimento mapped to rodrigonascimento
Thiago Henrique Moreira Santos mapped to thiagosantos
Victor Henrique Silva Ribeiro mapped to victorribeiro
Vitor Lucio dos Santos Ferreira mapped to vitorferreira
